Price,Close
Ticker,SBUX
Date,
2020-10-22,80.04332733154297
2020-10-23,81.33319091796875
2020-10-24,81.33319091796875
2020-10-25,81.33319091796875
2020-10-26,80.31205749511719
2020-10-27,80.66139221191406
2020-10-28,78.0816650390625
2020-10-29,79.0938491821289
2020-10-30,77.8935546875
2020-10-31,77.8935546875
2020-11-01,77.8935546875
2020-11-02,77.00675964355469
2020-11-03,79.17444610595703
2020-11-04,80.42848205566406
2020-11-05,81.17196655273438
2020-11-06,81.19884490966797
2020-11-07,81.19884490966797
2020-11-08,81.19884490966797
2020-11-09,85.88353729248047
2020-11-10,84.52460479736328
2020-11-11,85.53258514404297
2020-11-12,84.17363739013672
2020-11-13,86.00054168701172
2020-11-14,86.00054168701172
2020-11-15,86.00054168701172
2020-11-16,87.99848175048828
2020-11-17,88.7364501953125
2020-11-18,88.11546325683594
2020-11-19,87.98047637939453
2020-11-20,87.30550384521484
2020-11-21,87.30550384521484
2020-11-22,87.30550384521484
2020-11-23,87.18850708007812
2020-11-24,88.46644592285156
2020-11-25,88.37645721435547
2020-11-26,88.37645721435547
2020-11-27,88.7904281616211
2020-11-28,88.7904281616211
2020-11-29,88.7904281616211
2020-11-30,88.2144546508789
2020-12-01,88.9344253540039
2020-12-02,89.01544952392578
2020-12-03,90.09538269042969
2020-12-04,92.04830169677734
2020-12-05,92.04830169677734
2020-12-06,92.04830169677734
2020-12-07,91.2653579711914
2020-12-08,91.0853271484375
2020-12-09,90.35637664794922
2020-12-10,94.8471908569336
2020-12-11,92.69628143310547
2020-12-12,92.69628143310547
2020-12-13,92.69628143310547
2020-12-14,92.98426818847656
2020-12-15,93.75823211669922
2020-12-16,92.93927001953125
2020-12-17,92.88526916503906
2020-12-18,92.9482650756836
2020-12-19,92.9482650756836
2020-12-20,92.9482650756836
2020-12-21,92.64228057861328
2020-12-22,92.16529846191406
2020-12-23,91.85030364990234
2020-12-24,91.80532836914062
2020-12-25,91.80532836914062
2020-12-26,91.80532836914062
2020-12-27,91.80532836914062
2020-12-28,93.9022216796875
2020-12-29,95.06318664550781
2020-12-30,95.36917877197266
2020-12-31,96.27812957763672
2021-01-01,96.27812957763672
2021-01-02,96.27812957763672
2021-01-03,96.27812957763672
2021-01-04,92.7862777709961
2021-01-05,93.0922622680664
2021-01-06,93.76724243164062
2021-01-07,93.01126861572266
2021-01-08,95.09916687011719
2021-01-09,95.09916687011719
2021-01-10,95.09916687011719
2021-01-11,94.13622283935547
2021-01-12,92.5342788696289
2021-01-13,92.5972671508789
2021-01-14,91.63433837890625
2021-01-15,92.09329986572266
2021-01-16,92.09329986572266
2021-01-17,92.09329986572266
2021-01-18,92.09329986572266
2021-01-19,92.28231048583984
2021-01-20,94.91018676757812
2021-01-21,94.11823272705078
2021-01-22,93.5152359008789
2021-01-23,93.5152359008789
2021-01-24,93.5152359008789
2021-01-25,93.10127258300781
2021-01-26,94.21721649169922
2021-01-27,88.07948303222656
2021-01-28,88.33143615722656
2021-01-29,87.1255111694336
2021-01-30,87.1255111694336
2021-01-31,87.1255111694336
2021-02-01,88.71843719482422
2021-02-02,91.4813461303711
2021-02-03,90.91436004638672
2021-02-04,93.27225494384766
2021-02-05,95.82817077636719
2021-02-06,95.82817077636719
2021-02-07,95.82817077636719
2021-02-08,95.63017272949219
2021-02-09,95.59415435791016
2021-02-10,95.27918243408203
2021-02-11,95.27018737792969
2021-02-12,94.76618957519531
2021-02-13,94.76618957519531
2021-02-14,94.76618957519531
2021-02-15,94.76618957519531
2021-02-16,95.53117370605469
2021-02-17,94.39236450195312
2021-02-18,94.87138366699219
2021-02-19,93.42533111572266
2021-02-20,93.42533111572266
2021-02-21,93.42533111572266
2021-02-22,92.01538848876953
2021-02-23,91.61772155761719
2021-02-24,94.33815002441406
2021-02-25,93.51571655273438
2021-02-26,97.63700103759766
2021-02-27,97.63700103759766
2021-02-28,97.63700103759766
2021-03-01,96.5886001586914
2021-03-02,96.8868637084961
2021-03-03,96.0011215209961
2021-03-04,94.799072265625
2021-03-05,95.07925415039062
2021-03-06,95.07925415039062
2021-03-07,95.07925415039062
2021-03-08,94.92561340332031
2021-03-09,96.29939270019531
2021-03-10,97.41104888916016
2021-03-11,96.99530029296875
2021-03-12,97.43818664550781
2021-03-13,97.43818664550781
2021-03-14,97.43818664550781
2021-03-15,98.42330932617188
2021-03-16,100.62857055664062
2021-03-17,99.83324432373047
2021-03-18,97.26644134521484
2021-03-19,96.10958862304688
2021-03-20,96.10958862304688
2021-03-21,96.10958862304688
2021-03-22,97.22126007080078
2021-03-23,96.02823638916016
2021-03-24,94.87138366699219
2021-03-25,97.02243041992188
2021-03-26,99.32710266113281
2021-03-27,99.32710266113281
2021-03-28,99.32710266113281
2021-03-29,98.63115692138672
2021-03-30,99.66151428222656
2021-03-31,98.75770568847656
2021-04-01,98.85710906982422
2021-04-02,98.85710906982422
2021-04-03,98.85710906982422
2021-04-04,98.85710906982422
2021-04-05,100.33934783935547
2021-04-06,102.26445770263672
2021-04-07,102.30060577392578
2021-04-08,102.16503143310547
2021-04-09,102.29155731201172
2021-04-10,102.29155731201172
2021-04-11,102.29155731201172
2021-04-12,102.86094665527344
2021-04-13,104.2618179321289
2021-04-14,104.0810546875
2021-04-15,105.43675231933594
2021-04-16,106.95512390136719
2021-04-17,106.95512390136719
2021-04-18,106.95512390136719
2021-04-19,106.28632354736328
2021-04-20,105.08425903320312
2021-04-21,105.5090560913086
2021-04-22,104.7679672241211
2021-04-23,106.25017547607422
2021-04-24,106.25017547607422
2021-04-25,106.25017547607422
2021-04-26,104.7679672241211
2021-04-27,104.97581481933594
2021-04-28,101.58658599853516
2021-04-29,103.60205841064453
2021-04-30,103.47551727294922
2021-05-01,103.47551727294922
2021-05-02,103.47551727294922
2021-05-03,104.58718872070312
2021-05-04,103.132080078125
2021-05-05,102.56269073486328
2021-05-06,103.70147705078125
2021-05-07,103.33995056152344
2021-05-08,103.33995056152344
2021-05-09,103.33995056152344
2021-05-10,103.3038101196289
2021-05-11,102.62596893310547
2021-05-12,99.62248229980469
2021-05-13,100.2576675415039
2021-05-14,100.90190887451172
2021-05-15,100.90190887451172
2021-05-16,100.90190887451172
2021-05-17,100.70228576660156
2021-05-18,100.7839584350586
2021-05-19,99.51359558105469
2021-05-20,101.09247589111328
2021-05-21,100.6478500366211
2021-05-22,100.6478500366211
2021-05-23,100.6478500366211
2021-05-24,102.09967803955078
2021-05-25,102.19947052001953
2021-05-26,102.39911651611328
2021-05-27,102.99800872802734
2021-05-28,103.33370971679688
2021-05-29,103.33370971679688
2021-05-30,103.33370971679688
2021-05-31,103.33370971679688
2021-06-01,102.8437271118164
2021-06-02,102.53521728515625
2021-06-03,100.8293228149414
2021-06-04,101.6187515258789
2021-06-05,101.6187515258789
2021-06-06,101.6187515258789
2021-06-07,101.0198745727539
2021-06-08,101.19227600097656
2021-06-09,101.0743179321289
2021-06-10,101.8183822631836
2021-06-11,102.13595581054688
2021-06-12,102.13595581054688
2021-06-13,102.13595581054688
2021-06-14,102.0361557006836
2021-06-15,101.52802276611328
2021-06-16,101.04708862304688
2021-06-17,101.0743179321289
2021-06-18,99.54084777832031
2021-06-19,99.54084777832031
2021-06-20,99.54084777832031
2021-06-21,100.69320678710938
2021-06-22,101.49171447753906
2021-06-23,101.22856903076172
2021-06-24,101.6187515258789
2021-06-25,102.57152557373047
2021-06-26,102.57152557373047
2021-06-27,102.57152557373047
2021-06-28,101.8455810546875
2021-06-29,101.87281799316406
2021-06-30,101.45542907714844
2021-07-01,102.90725708007812
2021-07-02,104.32278442382812
2021-07-03,104.32278442382812
2021-07-04,104.32278442382812
2021-07-05,104.32278442382812
2021-07-06,105.01239776611328
2021-07-07,106.29181671142578
2021-07-08,105.24830627441406
2021-07-09,106.59125518798828
2021-07-10,106.59125518798828
2021-07-11,106.59125518798828
2021-07-12,107.48958587646484
2021-07-13,108.4786148071289
2021-07-14,108.70547485351562
2021-07-15,107.95235443115234
2021-07-16,107.73457336425781
2021-07-17,107.73457336425781
2021-07-18,107.73457336425781
2021-07-19,104.6403579711914
2021-07-20,106.54588317871094
2021-07-21,108.22454833984375
2021-07-22,111.27337646484375
2021-07-23,114.3041000366211
2021-07-24,114.3041000366211
2021-07-25,114.3041000366211
2021-07-26,114.38574981689453
2021-07-27,114.35851287841797
2021-07-28,111.07376861572266
2021-07-29,111.0465316772461
2021-07-30,110.18450927734375
2021-07-31,110.18450927734375
2021-08-01,110.18450927734375
2021-08-02,109.22270202636719
2021-08-03,108.0975112915039
2021-08-04,107.29901885986328
2021-08-05,108.00677490234375
2021-08-06,108.0249252319336
2021-08-07,108.0249252319336
2021-08-08,108.0249252319336
2021-08-09,107.01773071289062
2021-08-10,105.61127471923828
2021-08-11,106.12139129638672
2021-08-12,105.43820190429688
2021-08-13,106.35822296142578
2021-08-14,106.35822296142578
2021-08-15,106.35822296142578
2021-08-16,107.0687255859375
2021-08-17,106.18514251708984
2021-08-18,105.37442779541016
2021-08-19,104.13560485839844
2021-08-20,104.41796112060547
2021-08-21,104.41796112060547
2021-08-22,104.41796112060547
2021-08-23,104.89166259765625
2021-08-24,104.82788848876953
2021-08-25,105.27423095703125
2021-08-26,104.13560485839844
2021-08-27,104.86431884765625
2021-08-28,104.86431884765625
2021-08-29,104.86431884765625
2021-08-30,105.3106689453125
2021-08-31,107.02317810058594
2021-09-01,106.98674011230469
2021-09-02,106.91389465332031
2021-09-03,106.74990844726562
2021-09-04,106.74990844726562
2021-09-05,106.74990844726562
2021-09-06,106.74990844726562
2021-09-07,105.47464752197266
2021-09-08,107.5241928100586
2021-09-09,108.20735168457031
2021-09-10,108.70836639404297
2021-09-11,108.70836639404297
2021-09-12,108.70836639404297
2021-09-13,108.56262969970703
2021-09-14,108.2711410522461
2021-09-15,104.42709350585938
2021-09-16,104.45437622070312
2021-09-17,103.30667114257812
2021-09-18,103.30667114257812
2021-09-19,103.30667114257812
2021-09-20,101.85830688476562
2021-09-21,102.22266387939453
2021-09-22,102.99693298339844
2021-09-23,103.97163391113281
2021-09-24,103.94429779052734
2021-09-25,103.94429779052734
2021-09-26,103.94429779052734
2021-09-27,103.5526123046875
2021-09-28,101.75809478759766
2021-09-29,102.17711639404297
2021-09-30,100.48282623291016
2021-10-01,102.86030578613281
2021-10-02,102.86030578613281
2021-10-03,102.86030578613281
2021-10-04,101.53038024902344
2021-10-05,100.97472381591797
2021-10-06,101.69435119628906
2021-10-07,102.21356201171875
2021-10-08,101.31175231933594
2021-10-09,101.31175231933594
2021-10-10,101.31175231933594
2021-10-11,101.05672454833984
2021-10-12,101.11136627197266
2021-10-13,100.89275360107422
2021-10-14,101.90386199951172
2021-10-15,101.52124786376953
2021-10-16,101.52124786376953
2021-10-17,101.52124786376953
2021-10-18,103.27023315429688
2021-10-19,103.37953186035156
2021-10-20,103.71658325195312
2021-10-21,104.24490356445312
2021-10-22,104.34510803222656
2021-10-23,104.34510803222656
2021-10-24,104.34510803222656
2021-10-25,104.49085998535156
2021-10-26,104.68212127685547
2021-10-27,103.39777374267578
2021-10-28,103.11534881591797
2021-10-29,96.62054443359375
2021-10-30,96.62054443359375
2021-10-31,96.62054443359375
2021-11-01,100.01828002929688
2021-11-02,101.52124786376953
2021-11-03,102.57794952392578
2021-11-04,102.16802978515625
2021-11-05,106.4948501586914
2021-11-06,106.4948501586914
2021-11-07,106.4948501586914
2021-11-08,104.90076446533203
2021-11-09,103.9625015258789
2021-11-10,103.6057357788086
2021-11-11,101.94986724853516
2021-11-12,102.2060317993164
2021-11-13,102.2060317993164
2021-11-14,102.2060317993164
2021-11-15,102.34324645996094
2021-11-16,102.67259979248047
2021-11-17,102.93789672851562
2021-11-18,103.2855453491211
2021-11-19,101.3460693359375
2021-11-20,101.3460693359375
2021-11-21,101.3460693359375
2021-11-22,101.95899963378906
2021-11-23,103.90762329101562
2021-11-24,104.26441192626953
2021-11-25,104.26441192626953
2021-11-26,101.23629760742188
2021-11-27,101.23629760742188
2021-11-28,101.23629760742188
2021-11-29,101.30033874511719
2021-11-30,100.30314636230469
2021-12-01,99.40660858154297
2021-12-02,101.93154907226562
2021-12-03,101.76690673828125
2021-12-04,101.76690673828125
2021-12-05,101.76690673828125
2021-12-06,103.70635986328125
2021-12-07,106.3593978881836
2021-12-08,106.35025787353516
2021-12-09,105.52689361572266
2021-12-10,106.78938293457031
2021-12-11,106.78938293457031
2021-12-12,106.78938293457031
2021-12-13,105.7190170288086
2021-12-14,104.94140625
2021-12-15,104.91394805908203
2021-12-16,103.9167709350586
2021-12-17,99.37915802001953
2021-12-18,99.37915802001953
2021-12-19,99.37915802001953
2021-12-20,98.88514709472656
2021-12-21,100.97099304199219
2021-12-22,102.22431945800781
2021-12-23,102.8006591796875
2021-12-24,102.8006591796875
2021-12-25,102.8006591796875
2021-12-26,102.8006591796875
2021-12-27,104.49312591552734
2021-12-28,105.72815704345703
2021-12-29,106.46915435791016
2021-12-30,106.34110260009766
2021-12-31,107.00894165039062
2022-01-01,107.00894165039062
2022-01-02,107.00894165039062
2022-01-03,106.7436294555664
2022-01-04,104.51142120361328
2022-01-05,101.03501892089844
2022-01-06,101.6754150390625
2022-01-07,98.40943908691406
2022-01-08,98.40943908691406
2022-01-09,98.40943908691406
2022-01-10,97.00057983398438
2022-01-11,95.18006134033203
2022-01-12,95.02452850341797
2022-01-13,93.67970275878906
2022-01-14,91.5938720703125
2022-01-15,91.5938720703125
2022-01-16,91.5938720703125
2022-01-17,91.5938720703125
2022-01-18,89.40740203857422
2022-01-19,88.62064361572266
2022-01-20,87.56856536865234
2022-01-21,88.10832214355469
2022-01-22,88.10832214355469
2022-01-23,88.10832214355469
2022-01-24,89.74588775634766
2022-01-25,88.74870300292969
2022-01-26,87.44049072265625
2022-01-27,87.20262145996094
2022-01-28,88.93167114257812
2022-01-29,88.93167114257812
2022-01-30,88.93167114257812
2022-01-31,89.94715118408203
2022-02-01,90.34968566894531
2022-02-02,89.40740203857422
2022-02-03,87.76984405517578
2022-02-04,86.90988159179688
2022-02-05,86.90988159179688
2022-02-06,86.90988159179688
2022-02-07,87.08369445800781
2022-02-08,86.83668518066406
2022-02-09,88.8584976196289
2022-02-10,87.63558959960938
2022-02-11,86.18280792236328
2022-02-12,86.18280792236328
2022-02-13,86.18280792236328
2022-02-14,86.1092529296875
2022-02-15,86.89999389648438
2022-02-16,87.51606750488281
2022-02-17,85.55757141113281
2022-02-18,85.82420349121094
2022-02-19,85.82420349121094
2022-02-20,85.82420349121094
2022-02-21,85.82420349121094
2022-02-22,85.61273193359375
2022-02-23,82.43133544921875
2022-02-24,83.68181610107422
2022-02-25,85.12540435791016
2022-02-26,85.12540435791016
2022-02-27,85.12540435791016
2022-02-28,84.3990249633789
2022-03-01,82.88186645507812
2022-03-02,85.30010986328125
2022-03-03,84.15992736816406
2022-03-04,82.78073120117188
2022-03-05,82.78073120117188
2022-03-06,82.78073120117188
2022-03-07,77.65921783447266
2022-03-08,77.23625946044922
2022-03-09,80.54640197753906
2022-03-10,80.14183807373047
2022-03-11,76.06852722167969
2022-03-12,76.06852722167969
2022-03-13,76.06852722167969
2022-03-14,72.905517578125
2022-03-15,76.4271240234375
2022-03-16,80.37168884277344
2022-03-17,80.60157775878906
2022-03-18,82.38536834716797
2022-03-19,82.38536834716797
2022-03-20,82.38536834716797
2022-03-21,79.86598205566406
2022-03-22,80.81304168701172
2022-03-23,79.27751922607422
2022-03-24,80.10504913330078
2022-03-25,80.40847778320312
2022-03-26,80.40847778320312
2022-03-27,80.40847778320312
2022-03-28,81.26359558105469
2022-03-29,83.88410186767578
2022-03-30,83.70021057128906
2022-03-31,83.64505004882812
2022-04-01,84.12317657470703
2022-04-02,84.12317657470703
2022-04-03,84.12317657470703
2022-04-04,80.99694061279297
2022-04-05,77.34661102294922
2022-04-06,76.6478042602539
2022-04-07,76.4271240234375
2022-04-08,74.95594787597656
2022-04-09,74.95594787597656
2022-04-10,74.95594787597656
2022-04-11,74.18360900878906
2022-04-12,73.36527252197266
2022-04-13,74.4042739868164
2022-04-14,73.0986099243164
2022-04-15,73.0986099243164
2022-04-16,73.0986099243164
2022-04-17,73.0986099243164
2022-04-18,73.1905517578125
2022-04-19,74.68011474609375
2022-04-20,73.71465301513672
2022-04-21,72.60209655761719
2022-04-22,71.64584350585938
2022-04-23,71.64584350585938
2022-04-24,71.64584350585938
2022-04-25,71.70101165771484
2022-04-26,69.54022979736328
2022-04-27,68.72187805175781
2022-04-28,70.41373443603516
2022-04-29,68.62993621826172
2022-04-30,68.62993621826172
2022-05-01,68.62993621826172
2022-05-02,69.3011703491211
2022-05-03,68.34491729736328
2022-05-04,75.06629943847656
2022-05-05,71.24127197265625
2022-05-06,70.35857391357422
2022-05-07,70.35857391357422
2022-05-08,70.35857391357422
2022-05-09,67.57255554199219
2022-05-10,66.07380676269531
2022-05-11,64.41871643066406
2022-05-12,64.72429656982422
2022-05-13,70.00224304199219
2022-05-14,70.00224304199219
2022-05-15,70.00224304199219
2022-05-16,67.05770874023438
2022-05-17,68.26143646240234
2022-05-18,66.00211334228516
2022-05-19,66.60399627685547
2022-05-20,67.95587921142578
2022-05-21,67.95587921142578
2022-05-22,67.95587921142578
2022-05-23,67.98365020751953
2022-05-24,67.33550262451172
2022-05-25,67.11326599121094
2022-05-26,68.97441864013672
2022-05-27,71.03005981445312
2022-05-28,71.03005981445312
2022-05-29,71.03005981445312
2022-05-30,71.03005981445312
2022-05-31,72.68751525878906
2022-06-01,70.63188934326172
2022-06-02,73.53939819335938
2022-06-03,73.19679260253906
2022-06-04,73.19679260253906
2022-06-05,73.19679260253906
2022-06-06,73.13197326660156
2022-06-07,73.585693359375
2022-06-08,72.65973663330078
2022-06-09,73.06715393066406
2022-06-10,70.06705474853516
2022-06-11,70.06705474853516
2022-06-12,70.06705474853516
2022-06-13,67.00215148925781
2022-06-14,66.9558334350586
2022-06-15,68.69664001464844
2022-06-16,65.6965560913086
2022-06-17,66.54843139648438
2022-06-18,66.54843139648438
2022-06-19,66.54843139648438
2022-06-20,66.54843139648438
2022-06-21,67.55772399902344
2022-06-22,67.87254333496094
2022-06-23,69.63184356689453
2022-06-24,72.3263931274414
2022-06-25,72.3263931274414
2022-06-26,72.3263931274414
2022-06-27,71.92823791503906
2022-06-28,70.68743896484375
2022-06-29,70.7707748413086
2022-06-30,70.73375701904297
2022-07-01,73.39122772216797
2022-07-02,73.39122772216797
2022-07-03,73.39122772216797
2022-07-04,73.39122772216797
2022-07-05,73.6319808959961
2022-07-06,73.02084350585938
2022-07-07,73.3727035522461
2022-07-08,73.40975189208984
2022-07-09,73.40975189208984
2022-07-10,73.40975189208984
2022-07-11,72.1319351196289
2022-07-12,72.0023193359375
2022-07-13,72.15045928955078
2022-07-14,72.40972900390625
2022-07-15,73.72457885742188
2022-07-16,73.72457885742188
2022-07-17,73.72457885742188
2022-07-18,74.28942108154297
2022-07-19,76.4376220703125
2022-07-20,77.10431671142578
2022-07-21,77.35433197021484
2022-07-22,77.40062713623047
2022-07-23,77.40062713623047
2022-07-24,77.40062713623047
2022-07-25,75.46537780761719
2022-07-26,74.36349487304688
2022-07-27,76.8172607421875
2022-07-28,78.40066528320312
2022-07-29,78.50251007080078
2022-07-30,78.50251007080078
2022-07-31,78.50251007080078
2022-08-01,78.62288665771484
2022-08-02,77.51173400878906
2022-08-03,80.80814361572266
2022-08-04,80.44700622558594
2022-08-05,79.3821792602539
2022-08-06,79.3821792602539
2022-08-07,79.3821792602539
2022-08-08,79.37291717529297
2022-08-09,78.55805969238281
2022-08-10,80.08589172363281
2022-08-11,81.2685546875
2022-08-12,82.23704528808594
2022-08-13,82.23704528808594
2022-08-14,82.23704528808594
2022-08-15,83.02860260009766
2022-08-16,83.25209045410156
2022-08-17,82.27428436279297
2022-08-18,82.46054077148438
2022-08-19,80.942626953125
2022-08-20,80.942626953125
2022-08-21,80.942626953125
2022-08-22,79.10810089111328
2022-08-23,78.86598205566406
2022-08-24,80.13246154785156
2022-08-25,81.38030242919922
2022-08-26,78.27930450439453
2022-08-27,78.27930450439453
2022-08-28,78.27930450439453
2022-08-29,78.3351821899414
2022-08-30,77.67401123046875
2022-08-31,78.28862762451172
2022-09-01,79.52716064453125
2022-09-02,77.23633575439453
2022-09-03,77.23633575439453
2022-09-04,77.23633575439453
2022-09-05,77.23633575439453
2022-09-06,78.70767974853516
2022-09-07,82.23704528808594
2022-09-08,83.30794525146484
2022-09-09,82.59091186523438
2022-09-10,82.59091186523438
2022-09-11,82.59091186523438
2022-09-12,82.94477081298828
2022-09-13,81.79935455322266
2022-09-14,86.32514953613281
2022-09-15,85.87815856933594
2022-09-16,85.03074645996094
2022-09-17,85.03074645996094
2022-09-18,85.03074645996094
2022-09-19,85.80365753173828
2022-09-20,84.54647827148438
2022-09-21,82.50711059570312
2022-09-22,78.87528991699219
2022-09-23,78.38172912597656
2022-09-24,78.38172912597656
2022-09-25,78.38172912597656
2022-09-26,78.97773742675781
2022-09-27,78.48418426513672
2022-09-28,81.11956787109375
2022-09-29,80.61670684814453
2022-09-30,78.46556091308594
2022-10-01,78.46556091308594
2022-10-02,78.46556091308594
2022-10-03,79.73202514648438
2022-10-04,82.42329406738281
2022-10-05,83.92256164550781
2022-10-06,83.20553588867188
2022-10-07,81.0450668334961
2022-10-08,81.0450668334961
2022-10-09,81.0450668334961
2022-10-10,81.07300567626953
2022-10-11,80.28144836425781
2022-10-12,80.89608001708984
2022-10-13,83.2241439819336
2022-10-14,80.43047332763672
2022-10-15,80.43047332763672
2022-10-16,80.43047332763672
2022-10-17,82.78646850585938
2022-10-18,82.84233093261719
2022-10-19,81.5013656616211
2022-10-20,80.82157135009766
2022-10-21,82.51641845703125
2022-10-22,82.51641845703125
2022-10-23,82.51641845703125
2022-10-24,77.99993133544922
2022-10-25,79.35023498535156
2022-10-26,79.98345947265625
2022-10-27,79.41541290283203
2022-10-28,81.11023712158203
2022-10-29,81.11023712158203
2022-10-30,81.11023712158203
2022-10-31,80.63533020019531
2022-11-01,81.11023712158203
2022-11-02,78.7635498046875
2022-11-03,78.85668182373047
2022-11-04,85.54291534423828
2022-11-05,85.54291534423828
2022-11-06,85.54291534423828
2022-11-07,84.22987365722656
2022-11-08,86.3717041015625
2022-11-09,85.81912994384766
2022-11-10,90.15550994873047
2022-11-11,91.20448303222656
2022-11-12,91.20448303222656
2022-11-13,91.20448303222656
2022-11-14,91.241943359375
2022-11-15,91.62593841552734
2022-11-16,90.91414642333984
2022-11-17,90.82048034667969
2022-11-18,91.73832702636719
2022-11-19,91.73832702636719
2022-11-20,91.73832702636719
2022-11-21,92.0848617553711
2022-11-22,92.18789672851562
2022-11-23,93.20877075195312
2022-11-24,93.20877075195312
2022-11-25,93.24623107910156
2022-11-26,93.24623107910156
2022-11-27,93.24623107910156
2022-11-28,92.40331268310547
2022-11-29,92.40331268310547
2022-11-30,95.71881103515625
2022-12-01,96.81460571289062
2022-12-02,98.38807678222656
2022-12-03,98.38807678222656
2022-12-04,98.38807678222656
2022-12-05,96.98320007324219
2022-12-06,95.6064224243164
2022-12-07,95.40973663330078
2022-12-08,97.16114044189453
2022-12-09,95.33480072021484
2022-12-10,95.33480072021484
2022-12-11,95.33480072021484
2022-12-12,96.18709564208984
2022-12-13,95.6344985961914
2022-12-14,95.70944213867188
2022-12-15,93.64896392822266
2022-12-16,92.56253051757812
2022-12-17,92.56253051757812
2022-12-18,92.56253051757812
2022-12-19,92.0661392211914
2022-12-20,91.78515625
2022-12-21,92.41266632080078
2022-12-22,91.56037902832031
2022-12-23,92.03804016113281
2022-12-24,92.03804016113281
2022-12-25,92.03804016113281
2022-12-26,92.03804016113281
2022-12-27,92.90907287597656
2022-12-28,92.34711456298828
2022-12-29,93.44290924072266
2022-12-30,92.90907287597656
2022-12-31,92.90907287597656
2023-01-01,92.90907287597656
2023-01-02,92.90907287597656
2023-01-03,94.43569946289062
2023-01-04,97.83549499511719
2023-01-05,97.8073959350586
2023-01-06,99.92406463623047
2023-01-07,99.92406463623047
2023-01-08,99.92406463623047
2023-01-09,98.09773254394531
2023-01-10,99.27782440185547
2023-01-11,99.55879211425781
2023-01-12,99.13734436035156
2023-01-13,100.4298324584961
2023-01-14,100.4298324584961
2023-01-15,100.4298324584961
2023-01-16,100.4298324584961
2023-01-17,99.98026275634766
2023-01-18,98.34124755859375
2023-01-19,97.64817810058594
2023-01-20,98.37870025634766
2023-01-21,98.37870025634766
2023-01-22,98.37870025634766
2023-01-23,99.47450256347656
2023-01-24,99.87725067138672
2023-01-25,100.19569396972656
2023-01-26,101.86279296875
2023-01-27,102.10631561279297
2023-01-28,102.10631561279297
2023-01-29,102.10631561279297
2023-01-30,101.525634765625
2023-01-31,102.21869659423828
2023-02-01,103.0147933959961
2023-02-02,102.22807312011719
2023-02-03,97.6856460571289
2023-02-04,97.6856460571289
2023-02-05,97.6856460571289
2023-02-06,98.35997772216797
2023-02-07,100.05519104003906
2023-02-08,99.55879211425781
2023-02-09,99.82237243652344
2023-02-10,100.80127716064453
2023-02-11,100.80127716064453
2023-02-12,100.80127716064453
2023-02-13,102.14730834960938
2023-02-14,101.6390380859375
2023-02-15,102.59912109375
2023-02-16,101.22486114501953
2023-02-17,100.81069946289062
2023-02-18,100.81069946289062
2023-02-19,100.81069946289062
2023-02-20,100.81069946289062
2023-02-21,98.62694549560547
2023-02-22,98.61752319335938
2023-02-23,97.43152618408203
2023-02-24,95.63367462158203
2023-02-25,95.63367462158203
2023-02-26,95.63367462158203
2023-02-27,96.42436218261719
2023-02-28,96.09490203857422
2023-03-01,95.47364807128906
2023-03-02,96.96087646484375
2023-03-03,98.41044616699219
2023-03-04,98.41044616699219
2023-03-05,98.41044616699219
2023-03-06,98.82459259033203
2023-03-07,97.27149963378906
2023-03-08,96.48082733154297
2023-03-09,94.41002655029297
2023-03-10,93.54405212402344
2023-03-11,93.54405212402344
2023-03-12,93.54405212402344
2023-03-13,93.26166534423828
2023-03-14,93.61933898925781
2023-03-15,93.50639343261719
2023-03-16,94.53238677978516
2023-03-17,92.90397644042969
2023-03-18,92.90397644042969
2023-03-19,92.90397644042969
2023-03-20,93.98644256591797
2023-03-21,94.63592529296875
2023-03-22,93.29930877685547
2023-03-23,92.64041900634766
2023-03-24,92.56511688232422
2023-03-25,92.56511688232422
2023-03-26,92.56511688232422
2023-03-27,92.8663330078125
2023-03-28,92.92280578613281
2023-03-29,94.71123504638672
2023-03-30,95.37012481689453
2023-03-31,98.01510620117188
2023-04-01,98.01510620117188
2023-04-02,98.01510620117188
2023-04-03,98.69281768798828
2023-04-04,97.89273834228516
2023-04-05,98.7398910522461
2023-04-06,98.53280639648438
2023-04-07,98.53280639648438
2023-04-08,98.53280639648438
2023-04-09,98.53280639648438
2023-04-10,98.58927917480469
2023-04-11,99.53056335449219
2023-04-12,99.3987808227539
2023-04-13,100.70716094970703
2023-04-14,101.15898132324219
2023-04-15,101.15898132324219
2023-04-16,101.15898132324219
2023-04-17,101.94964599609375
2023-04-18,101.57313537597656
2023-04-19,100.8671875
2023-04-20,100.76364135742188
2023-04-21,101.83670043945312
2023-04-22,101.83670043945312
2023-04-23,101.83670043945312
2023-04-24,102.8720932006836
2023-04-25,102.9191665649414
2023-04-26,104.92407989501953
2023-04-27,106.12890625
2023-04-28,107.57848358154297
2023-04-29,107.57848358154297
2023-04-30,107.57848358154297
2023-05-01,107.8326187133789
2023-05-02,107.73848724365234
2023-05-03,97.85509490966797
2023-05-04,98.57047271728516
2023-05-05,100.91425323486328
2023-05-06,100.91425323486328
2023-05-07,100.91425323486328
2023-05-08,100.87659454345703
2023-05-09,100.44361114501953
2023-05-10,100.6883316040039
2023-05-11,99.9220962524414
2023-05-12,100.38562774658203
2023-05-13,100.38562774658203
2023-05-14,100.38562774658203
2023-05-15,100.87753295898438
2023-05-16,99.59101104736328
2023-05-17,99.97886657714844
2023-05-18,101.30319213867188
2023-05-19,99.80859375
2023-05-20,99.80859375
2023-05-21,99.80859375
2023-05-22,97.33961486816406
2023-05-23,94.91795349121094
2023-05-24,94.22740936279297
2023-05-25,93.1206283569336
2023-05-26,93.20575714111328
2023-05-27,93.20575714111328
2023-05-28,93.20575714111328
2023-05-29,93.20575714111328
2023-05-30,92.46791076660156
2023-05-31,92.36385345458984
2023-06-01,92.2503433227539
2023-06-02,94.12334442138672
2023-06-03,94.12334442138672
2023-06-04,94.12334442138672
2023-06-05,94.53010559082031
2023-06-06,92.91251373291016
2023-06-07,92.62872314453125
2023-06-08,93.7922592163086
2023-06-09,92.66657257080078
2023-06-10,92.66657257080078
2023-06-11,92.66657257080078
2023-06-12,93.13954162597656
2023-06-13,93.89630889892578
2023-06-14,95.22066497802734
2023-06-15,95.9017562866211
2023-06-16,96.36528015136719
2023-06-17,96.36528015136719
2023-06-18,96.36528015136719
2023-06-19,96.36528015136719
2023-06-20,95.79769897460938
2023-06-21,96.36528015136719
2023-06-22,95.40040588378906
2023-06-23,93.02603912353516
2023-06-24,93.02603912353516
2023-06-25,93.02603912353516
2023-06-26,92.92195892333984
2023-06-27,93.38549041748047
2023-06-28,93.28143310546875
2023-06-29,93.34766387939453
2023-06-30,93.70711517333984
2023-07-01,93.70711517333984
2023-07-02,93.70711517333984
2023-07-03,93.7922592163086
2023-07-04,93.7922592163086
2023-07-05,93.13954162597656
2023-07-06,91.00165557861328
2023-07-07,90.85977935791016
2023-07-08,90.85977935791016
2023-07-09,90.85977935791016
2023-07-10,93.7733383178711
2023-07-11,94.68144989013672
2023-07-12,95.67472076416016
2023-07-13,96.10987091064453
2023-07-14,96.11931610107422
2023-07-15,96.11931610107422
2023-07-16,96.11931610107422
2023-07-17,95.47607421875
2023-07-18,95.31526184082031
2023-07-19,96.32742309570312
2023-07-20,95.42875671386719
2023-07-21,97.26395416259766
2023-07-22,97.26395416259766
2023-07-23,97.26395416259766
2023-07-24,97.22611236572266
2023-07-25,97.35853576660156
2023-07-26,96.23284149169922
2023-07-27,95.33417510986328
2023-07-28,95.77877807617188
2023-07-29,95.77877807617188
2023-07-30,95.77877807617188
2023-07-31,96.08147430419922
2023-08-01,95.78824615478516
2023-08-02,96.61122131347656
2023-08-03,96.80043029785156
2023-08-04,95.23958587646484
2023-08-05,95.23958587646484
2023-08-06,95.23958587646484
2023-08-07,96.24229431152344
2023-08-08,95.25849151611328
2023-08-09,94.52064514160156
2023-08-10,96.679443359375
2023-08-11,96.04225158691406
2023-08-12,96.04225158691406
2023-08-13,96.04225158691406
2023-08-14,96.06128692626953
2023-08-15,95.1387939453125
2023-08-16,94.13074493408203
2023-08-17,91.83881378173828
2023-08-18,92.46647644042969
2023-08-19,92.46647644042969
2023-08-20,92.46647644042969
2023-08-21,91.73419952392578
2023-08-22,91.36329650878906
2023-08-23,90.51691436767578
2023-08-24,90.18403625488281
2023-08-25,90.80221557617188
2023-08-26,90.80221557617188
2023-08-27,90.80221557617188
2023-08-28,92.2857894897461
2023-08-29,94.29241180419922
2023-08-30,94.37799835205078
2023-08-31,92.66618347167969
2023-09-01,93.19874572753906
2023-09-02,93.19874572753906
2023-09-03,93.19874572753906
2023-09-04,93.19874572753906
2023-09-05,92.0955810546875
2023-09-06,91.24917602539062
2023-09-07,90.44082641601562
2023-09-08,90.61199951171875
2023-09-09,90.61199951171875
2023-09-10,90.61199951171875
2023-09-11,90.9828872680664
2023-09-12,91.52496337890625
2023-09-13,92.1811752319336
2023-09-14,92.39990997314453
2023-09-15,91.51545715332031
2023-09-16,91.51545715332031
2023-09-17,91.51545715332031
2023-09-18,92.01949310302734
2023-09-19,90.62152099609375
2023-09-20,90.49789428710938
2023-09-21,88.53881072998047
2023-09-22,89.09040069580078
2023-09-23,89.09040069580078
2023-09-24,89.09040069580078
2023-09-25,88.19644927978516
2023-09-26,87.49271392822266
2023-09-27,86.703369140625
2023-09-28,86.6177749633789
2023-09-29,86.7984619140625
2023-09-30,86.7984619140625
2023-10-01,86.7984619140625
2023-10-02,86.66531372070312
2023-10-03,85.09616088867188
2023-10-04,86.68434143066406
2023-10-05,87.84457397460938
2023-10-06,88.30105590820312
2023-10-07,88.30105590820312
2023-10-08,88.30105590820312
2023-10-09,88.13938903808594
2023-10-10,88.6148910522461
2023-10-11,87.44515228271484
2023-10-12,86.94110870361328
2023-10-13,86.99818420410156
2023-10-14,86.99818420410156
2023-10-15,86.99818420410156
2023-10-16,89.0618667602539
2023-10-17,89.5658950805664
2023-10-18,89.1569595336914
2023-10-19,89.79414367675781
2023-10-20,89.57540893554688
2023-10-21,89.57540893554688
2023-10-22,89.57540893554688
2023-10-23,89.58491516113281
2023-10-24,89.98434448242188
2023-10-25,89.39472198486328
2023-10-26,88.12987518310547
2023-10-27,87.51172637939453
2023-10-28,87.51172637939453
2023-10-29,87.51172637939453
2023-10-30,88.58636474609375
2023-10-31,87.72093200683594
2023-11-01,86.87454223632812
2023-11-02,95.11027526855469
2023-11-03,97.62094116210938
2023-11-04,97.62094116210938
2023-11-05,97.62094116210938
2023-11-06,98.93331146240234
2023-11-07,98.60047912597656
2023-11-08,99.19010162353516
2023-11-09,97.75575256347656
2023-11-10,99.76383209228516
2023-11-11,99.76383209228516
2023-11-12,99.76383209228516
2023-11-13,98.97972869873047
2023-11-14,100.9782485961914
2023-11-15,101.38943481445312
2023-11-16,102.51779174804688
2023-11-17,100.94956970214844
2023-11-18,100.94956970214844
2023-11-19,100.94956970214844
2023-11-20,99.73515319824219
2023-11-21,99.15185546875
2023-11-22,98.91279602050781
2023-11-23,98.91279602050781
2023-11-24,98.28167724609375
2023-11-25,98.28167724609375
2023-11-26,98.28167724609375
2023-11-27,97.88006591796875
2023-11-28,96.75170135498047
2023-11-29,95.47991180419922
2023-11-30,94.9539794921875
2023-12-01,94.85836029052734
2023-12-02,94.85836029052734
2023-12-03,94.85836029052734
2023-12-04,93.32839965820312
2023-12-05,91.35855865478516
2023-12-06,92.77377319335938
2023-12-07,92.21916198730469
2023-12-08,92.3817138671875
2023-12-09,92.3817138671875
2023-12-10,92.3817138671875
2023-12-11,93.82562255859375
2023-12-12,93.85432434082031
2023-12-13,93.81605529785156
2023-12-14,93.55787658691406
2023-12-15,92.51558685302734
2023-12-16,92.51558685302734
2023-12-17,92.51558685302734
2023-12-18,92.33390045166016
2023-12-19,93.44313049316406
2023-12-20,90.56488037109375
2023-12-21,91.1577377319336
2023-12-22,91.10992431640625
2023-12-23,91.10992431640625
2023-12-24,91.10992431640625
2023-12-25,91.10992431640625
2023-12-26,91.48284912109375
2023-12-27,91.11949157714844
2023-12-28,91.73148345947266
2023-12-29,91.8079833984375
2023-12-30,91.8079833984375
2023-12-31,91.8079833984375
2024-01-01,91.8079833984375
2024-01-02,89.57037353515625
2024-01-03,89.14965057373047
2024-01-04,89.45563507080078
2024-01-05,88.92013549804688
2024-01-06,88.92013549804688
2024-01-07,88.92013549804688
2024-01-08,90.06763458251953
2024-01-09,89.01576232910156
2024-01-10,89.40782928466797
2024-01-11,88.87234497070312
2024-01-12,87.95436096191406
2024-01-13,87.95436096191406
2024-01-14,87.95436096191406
2024-01-15,87.95436096191406
2024-01-16,88.64283752441406
2024-01-17,87.7535400390625
2024-01-18,89.25482940673828
2024-01-19,89.75206756591797
2024-01-20,89.75206756591797
2024-01-21,89.75206756591797
2024-01-22,88.99665069580078
2024-01-23,87.9448013305664
2024-01-24,88.0117416381836
2024-01-25,88.55677032470703
2024-01-26,88.73845672607422
2024-01-27,88.73845672607422
2024-01-28,88.73845672607422
2024-01-29,89.6947021484375
2024-01-30,89.96244812011719
2024-01-31,88.9583969116211
2024-02-01,89.28353118896484
2024-02-02,88.92013549804688
2024-02-03,88.92013549804688
2024-02-04,88.92013549804688
2024-02-05,88.46115112304688
2024-02-06,91.48284912109375
2024-02-07,91.13861083984375
2024-02-08,92.91828155517578
2024-02-09,93.60130310058594
2024-02-10,93.60130310058594
2024-02-11,93.60130310058594
2024-02-12,91.84086608886719
2024-02-13,90.30168151855469
2024-02-14,90.49408721923828
2024-02-15,89.6763916015625
2024-02-16,89.6763916015625
2024-02-17,89.6763916015625
2024-02-18,89.6763916015625
2024-02-19,89.6763916015625
2024-02-20,89.90725708007812
2024-02-21,91.40796661376953
2024-02-22,92.13906860351562
2024-02-23,91.98516082763672
2024-02-24,91.98516082763672
2024-02-25,91.98516082763672
2024-02-26,90.69610595703125
2024-02-27,90.55179595947266
2024-02-28,89.46475219726562
2024-02-29,91.29252624511719
2024-03-01,89.61866760253906
2024-03-02,89.61866760253906
2024-03-03,89.61866760253906
2024-03-04,88.94528198242188
2024-03-05,87.75243377685547
2024-03-06,88.16607666015625
2024-03-07,87.49268341064453
2024-03-08,87.5984878540039
2024-03-09,87.5984878540039
2024-03-10,87.5984878540039
2024-03-11,88.57011413574219
2024-03-12,88.88755798339844
2024-03-13,88.12759399414062
2024-03-14,88.17569732666016
2024-03-15,86.6942367553711
2024-03-16,86.6942367553711
2024-03-17,86.6942367553711
2024-03-18,87.55040740966797
2024-03-19,88.10835266113281
2024-03-20,89.0799560546875
2024-03-21,88.17569732666016
2024-03-22,87.26180267333984
2024-03-23,87.26180267333984
2024-03-24,87.26180267333984
2024-03-25,87.22332000732422
2024-03-26,86.92511749267578
2024-03-27,88.02177429199219
2024-03-28,87.91596221923828
2024-03-29,87.91596221923828
2024-03-30,87.91596221923828
2024-03-31,87.91596221923828
2024-04-01,88.05062866210938
2024-04-02,85.90541076660156
2024-04-03,85.32821655273438
2024-04-04,84.28926849365234
2024-04-05,83.54853820800781
2024-04-06,83.54853820800781
2024-04-07,83.54853820800781
2024-04-08,83.87561798095703
2024-04-09,83.81788635253906
2024-04-10,82.68274688720703
2024-04-11,82.63465118408203
2024-04-12,81.69189453125
2024-04-13,81.69189453125
2024-04-14,81.69189453125
2024-04-15,81.93240356445312
2024-04-16,82.17289733886719
2024-04-17,82.932861328125
2024-04-18,83.83714294433594
2024-04-19,84.27964782714844
2024-04-20,84.27964782714844
2024-04-21,84.27964782714844
2024-04-22,84.82798767089844
2024-04-23,84.5297622680664
2024-04-24,85.37630462646484
2024-04-25,84.50090026855469
2024-04-26,84.89532470703125
2024-04-27,84.89532470703125
2024-04-28,84.89532470703125
2024-04-29,84.9722900390625
2024-04-30,85.1261978149414
2024-05-01,71.61029052734375
2024-05-02,72.0816650390625
2024-05-03,70.33084106445312
2024-05-04,70.33084106445312
2024-05-05,70.33084106445312
2024-05-06,70.12883758544922
2024-05-07,69.7440414428711
2024-05-08,70.70601654052734
2024-05-09,72.80314636230469
2024-05-10,73.21678924560547
2024-05-11,73.21678924560547
2024-05-12,73.21678924560547
2024-05-13,73.28413391113281
2024-05-14,72.75505065917969
2024-05-15,72.8223876953125
2024-05-16,72.96778869628906
2024-05-17,75.4588394165039
2024-05-18,75.4588394165039
2024-05-19,75.4588394165039
2024-05-20,75.15836334228516
2024-05-21,75.33283233642578
2024-05-22,78.24069213867188
2024-05-23,75.90471649169922
2024-05-24,76.44751739501953
2024-05-25,76.44751739501953
2024-05-26,76.44751739501953
2024-05-27,76.44751739501953
2024-05-28,75.10020446777344
2024-05-29,74.51863098144531
2024-05-30,76.34090423583984
2024-05-31,77.75606536865234
2024-06-01,77.75606536865234
2024-06-02,77.75606536865234
2024-06-03,79.55892181396484
2024-06-04,80.24711608886719
2024-06-05,78.66718292236328
2024-06-06,78.9676513671875
2024-06-07,78.92888641357422
2024-06-08,78.92888641357422
2024-06-09,78.92888641357422
2024-06-10,79.09366607666016
2024-06-11,77.43618774414062
2024-06-12,76.94184875488281
2024-06-13,77.77543640136719
2024-06-14,77.20355224609375
2024-06-15,77.20355224609375
2024-06-16,77.20355224609375
2024-06-17,78.83194732666016
2024-06-18,77.73666381835938
2024-06-19,77.73666381835938
2024-06-20,77.27140808105469
2024-06-21,77.45558166503906
2024-06-22,77.45558166503906
2024-06-23,77.45558166503906
2024-06-24,77.28111267089844
2024-06-25,76.84491729736328
2024-06-26,76.71891784667969
2024-06-27,76.80614471435547
2024-06-28,75.4588394165039
2024-06-29,75.4588394165039
2024-06-30,75.4588394165039
2024-07-01,74.76095581054688
2024-07-02,74.47017669677734
2024-07-03,73.91767883300781
2024-07-04,73.91767883300781
2024-07-05,73.71412658691406
2024-07-06,73.71412658691406
2024-07-07,73.71412658691406
2024-07-08,72.27957916259766
2024-07-09,70.5154800415039
2024-07-10,70.28286743164062
2024-07-11,71.04859924316406
2024-07-12,72.53160095214844
2024-07-13,72.53160095214844
2024-07-14,72.53160095214844
2024-07-15,70.5154800415039
2024-07-16,73.19071960449219
2024-07-17,72.79330444335938
2024-07-18,71.91126251220703
2024-07-19,76.8352279663086
2024-07-20,76.8352279663086
2024-07-21,76.8352279663086
2024-07-22,74.19877624511719
2024-07-23,73.91767883300781
2024-07-24,72.3862075805664
2024-07-25,71.0679931640625
2024-07-26,71.77556610107422
2024-07-27,71.77556610107422
2024-07-28,71.77556610107422
2024-07-29,72.8902359008789
2024-07-30,73.60751342773438
2024-07-31,75.55577087402344
2024-08-01,72.8030014038086
2024-08-02,73.54934692382812
2024-08-03,73.54934692382812
2024-08-04,73.54934692382812
2024-08-05,71.59139251708984
2024-08-06,73.05501556396484
2024-08-07,72.97747802734375
2024-08-08,73.42333984375
2024-08-09,72.78361511230469
2024-08-10,72.78361511230469
2024-08-11,72.78361511230469
2024-08-12,74.66402435302734
2024-08-13,92.9544448852539
2024-08-14,91.015869140625
2024-08-15,91.96576690673828
2024-08-16,92.45333862304688
2024-08-17,92.45333862304688
2024-08-18,92.45333862304688
2024-08-19,90.0057373046875
2024-08-20,90.69808197021484
2024-08-21,90.47380065917969
2024-08-22,90.13249969482422
2024-08-23,91.6829833984375
2024-08-24,91.6829833984375
2024-08-25,91.6829833984375
2024-08-26,93.25296783447266
2024-08-27,96.14913177490234
2024-08-28,92.93115997314453
2024-08-29,92.5020980834961
2024-08-30,92.21930694580078
2024-08-31,92.21930694580078
2024-09-01,92.21930694580078
2024-09-02,92.21930694580078
2024-09-03,90.86386108398438
2024-09-04,90.03498840332031
2024-09-05,89.28411865234375
2024-09-06,88.88432312011719
2024-09-07,88.88432312011719
2024-09-08,88.88432312011719
2024-09-09,89.91796112060547
2024-09-10,91.01988220214844
2024-09-11,95.75907135009766
2024-09-12,96.8122329711914
2024-09-13,96.11988067626953
2024-09-14,96.11988067626953
2024-09-15,96.11988067626953
2024-09-16,93.91605377197266
2024-09-17,94.04283142089844
2024-09-18,93.73078918457031
2024-09-19,94.49139404296875
2024-09-20,93.66252136230469
2024-09-21,93.66252136230469
2024-09-22,93.66252136230469
2024-09-23,93.106689453125
2024-09-24,92.102294921875
2024-09-25,93.24321746826172
2024-09-26,95.04722595214844
2024-09-27,94.9399642944336
2024-09-28,94.9399642944336
2024-09-29,94.9399642944336
2024-09-30,95.06672668457031
2024-10-01,95.00821685791016
2024-10-02,94.10133361816406
2024-10-03,93.18470001220703
2024-10-04,94.17935180664062
2024-10-05,94.17935180664062
2024-10-06,94.17935180664062
2024-10-07,93.70152282714844
2024-10-08,93.81854248046875
2024-10-09,93.49674987792969
2024-10-10,91.54645538330078
2024-10-11,93.1749496459961
2024-10-12,93.1749496459961
2024-10-13,93.1749496459961
2024-10-14,92.40458679199219
2024-10-15,92.67761993408203
2024-10-16,93.08718872070312
2024-10-17,92.90190124511719
2024-10-18,94.43287658691406
2024-10-19,94.43287658691406
2024-10-20,94.43287658691406
2024-10-21,94.05256652832031
2024-10-22,94.41337585449219
2024-10-23,95.22274780273438
2024-10-24,94.73518371582031
2024-10-25,94.89119720458984
2024-10-26,94.89119720458984
2024-10-27,94.89119720458984
2024-10-28,95.58354949951172
2024-10-29,94.96920776367188
2024-10-30,94.90095520019531
2024-10-31,95.27149963378906
2024-11-01,96.41242218017578
2024-11-02,96.41242218017578
2024-11-03,96.41242218017578
2024-11-04,94.61815643310547
2024-11-05,94.67666625976562
2024-11-06,93.69176483154297
2024-11-07,93.73078918457031
2024-11-08,95.12525177001953
2024-11-09,95.12525177001953
2024-11-10,95.12525177001953
2024-11-11,97.8166275024414
2024-11-12,96.34416198730469
2024-11-13,97.3193130493164
2024-11-14,96.76348114013672
2024-11-15,96.56723022460938
2024-11-16,96.56723022460938
2024-11-17,96.56723022460938
2024-11-18,98.50996398925781
2024-11-19,96.4985580444336
2024-11-20,96.4102554321289
2024-11-21,98.1763687133789
2024-11-22,100.5704345703125
2024-11-23,100.5704345703125
2024-11-24,100.5704345703125
2024-11-25,99.9228515625
2024-11-26,98.78469848632812
2024-11-27,99.59906768798828
2024-11-28,99.59906768798828
2024-11-29,100.53118896484375
2024-11-30,100.53118896484375
2024-12-01,100.53118896484375
2024-12-02,99.59906768798828
2024-12-03,99.65794372558594
2024-12-04,98.80431365966797
2024-12-05,97.36199188232422
2024-12-06,98.22542572021484
2024-12-07,98.22542572021484
2024-12-08,98.22542572021484
2024-12-09,97.44048309326172
2024-12-10,96.31214141845703
2024-12-11,96.56723022460938
2024-12-12,95.9785385131836
2024-12-13,95.58606719970703
2024-12-14,95.58606719970703
2024-12-15,95.58606719970703
2024-12-16,91.36701965332031
2024-12-17,90.35639953613281
2024-12-18,88.20762634277344
2024-12-19,87.0890884399414
2024-12-20,86.31396484375
2024-12-21,86.31396484375
2024-12-22,86.31396484375
2024-12-23,85.7939453125
2024-12-24,88.21744537353516
2024-12-25,88.21744537353516
2024-12-26,90.13072967529297
2024-12-27,90.51338958740234
2024-12-28,90.51338958740234
2024-12-29,90.51338958740234
2024-12-30,88.87483215332031
2024-12-31,89.53221893310547
2025-01-01,89.53221893310547
2025-01-02,90.43489837646484
2025-01-03,90.8371810913086
2025-01-04,90.8371810913086
2025-01-05,90.8371810913086
2025-01-06,91.37681579589844
2025-01-07,91.09227752685547
2025-01-08,90.85679626464844
2025-01-09,90.85679626464844
2025-01-10,90.51338958740234
2025-01-11,90.51338958740234
2025-01-12,90.51338958740234
2025-01-13,91.74967193603516
2025-01-14,91.31794738769531
2025-01-15,91.32776641845703
2025-01-16,92.65235137939453
2025-01-17,93.33917236328125
2025-01-18,93.33917236328125
2025-01-19,93.33917236328125
2025-01-20,93.33917236328125
2025-01-21,96.13552856445312
2025-01-22,95.8902359008789
2025-01-23,96.14532470703125
2025-01-24,96.94989776611328
2025-01-25,96.94989776611328
2025-01-26,96.94989776611328
2025-01-27,98.13711547851562
2025-01-28,98.51978302001953
2025-01-29,106.53598022460938
2025-01-30,106.94807434082031
2025-01-31,105.65292358398438
2025-02-01,105.65292358398438
2025-02-02,105.65292358398438
2025-02-03,106.12389373779297
2025-02-04,108.51795196533203
2025-02-05,110.13688659667969
2025-02-06,109.59724426269531
2025-02-07,110.08782196044922
2025-02-08,110.08782196044922
2025-02-09,110.08782196044922
2025-02-10,109.35194396972656
2025-02-11,108.93984985351562
2025-02-12,110.91201782226562
2025-02-13,110.87277221679688
2025-02-14,111.03060913085938
2025-02-15,111.03060913085938
2025-02-16,111.03060913085938
2025-02-17,111.03060913085938
2025-02-18,111.50413513183594
2025-02-19,110.9714126586914
2025-02-20,111.80994415283203
2025-02-21,110.24140930175781
2025-02-22,110.24140930175781
2025-02-23,110.24140930175781
2025-02-24,111.66197204589844
2025-02-25,113.0430679321289
2025-02-26,111.47453308105469
2025-02-27,112.94441986083984
2025-02-28,114.24659729003906
2025-03-01,114.24659729003906
2025-03-02,114.24659729003906
2025-03-03,113.85200500488281
2025-03-04,110.5472183227539
2025-03-05,110.18222045898438
2025-03-06,104.04618835449219
2025-03-07,105.04255676269531
2025-03-08,105.04255676269531
2025-03-09,105.04255676269531
2025-03-10,99.7647705078125
2025-03-11,98.23570251464844
2025-03-12,97.35771942138672
2025-03-13,94.74349212646484
2025-03-14,96.7855453491211
2025-03-15,96.7855453491211
2025-03-16,96.7855453491211
2025-03-17,97.7424545288086
2025-03-18,96.95325469970703
2025-03-19,97.85096740722656
2025-03-20,97.93974304199219
2025-03-21,95.75958251953125
2025-03-22,95.75958251953125
2025-03-23,95.75958251953125
2025-03-24,94.42781066894531
2025-03-25,94.58564758300781
2025-03-26,96.6474380493164
2025-03-27,97.51554870605469
2025-03-28,96.41068267822266
2025-03-29,96.41068267822266
2025-03-30,96.41068267822266
2025-03-31,96.76581573486328
2025-04-01,96.90392303466797
2025-04-02,98.06800079345703
2025-04-03,87.06851959228516
2025-04-04,80.9916763305664
2025-04-05,80.9916763305664
2025-04-06,80.9916763305664
2025-04-07,78.9200210571289
2025-04-08,78.61421203613281
2025-04-09,87.48284912109375
2025-04-10,83.45792388916016
2025-04-11,84.27672576904297
2025-04-12,84.27672576904297
2025-04-13,84.27672576904297
2025-04-14,84.3359146118164
2025-04-15,82.57994079589844
2025-04-16,79.66976928710938
2025-04-17,80.3997802734375
2025-04-18,80.3997802734375
2025-04-19,80.3997802734375
2025-04-20,80.3997802734375
2025-04-21,79.5908432006836
2025-04-22,80.64640045166016
2025-04-23,81.69208526611328
2025-04-24,82.72791290283203
2025-04-25,82.6785888671875
2025-04-26,82.6785888671875
2025-04-27,82.6785888671875
2025-04-28,82.76737976074219
2025-04-29,83.70455169677734
2025-04-30,78.96935272216797
2025-05-01,80.90289306640625
2025-05-02,83.54671478271484
2025-05-03,83.54671478271484
2025-05-04,83.54671478271484
2025-05-05,80.5576171875
2025-05-06,81.6624984741211
2025-05-07,81.59343719482422
2025-05-08,81.08045959472656
2025-05-09,79.21597290039062
2025-05-10,79.21597290039062
2025-05-11,79.21597290039062
2025-05-12,84.51348114013672
2025-05-13,85.70714569091797
2025-05-14,85.37174224853516
2025-05-15,86.08201599121094
2025-05-16,85.00909423828125
2025-05-17,85.00909423828125
2025-05-18,85.00909423828125
2025-05-19,84.05538940429688
2025-05-20,85.02896118164062
2025-05-21,82.43608093261719
2025-05-22,83.41958618164062
2025-05-23,83.84677124023438
2025-05-24,83.84677124023438
2025-05-25,83.84677124023438
2025-05-26,83.84677124023438
2025-05-27,86.43965911865234
2025-05-28,85.436279296875
2025-05-29,83.49906158447266
2025-05-30,83.39971160888672
2025-05-31,83.39971160888672
2025-06-01,83.39971160888672
2025-06-02,84.631591796875
2025-06-03,86.03234100341797
2025-06-04,87.5324478149414
2025-06-05,86.41978454589844
2025-06-06,89.05242156982422
2025-06-07,89.05242156982422
2025-06-08,89.05242156982422
2025-06-09,90.07566833496094
2025-06-10,90.8306884765625
2025-06-11,94.76472473144531
2025-06-12,93.70174407958984
2025-06-13,92.64868927001953
2025-06-14,92.64868927001953
2025-06-15,92.64868927001953
2025-06-16,92.86724853515625
2025-06-17,90.98963165283203
2025-06-18,91.67510986328125
2025-06-19,91.67510986328125
2025-06-20,92.50961303710938
2025-06-21,92.50961303710938
2025-06-22,92.50961303710938
2025-06-23,91.7347183227539
2025-06-24,90.90022277832031
2025-06-25,90.50284576416016
2025-06-26,91.23799133300781
2025-06-27,91.5062255859375
2025-06-28,91.5062255859375
2025-06-29,91.5062255859375
2025-06-30,91.02937316894531
2025-07-01,94.29780578613281
2025-07-02,93.56266021728516
2025-07-03,93.82096099853516
2025-07-04,93.82096099853516
2025-07-05,93.82096099853516
2025-07-06,93.82096099853516
2025-07-07,93.02619934082031
2025-07-08,94.31768035888672
2025-07-09,94.62564849853516
2025-07-10,94.52630615234375
2025-07-11,94.31768035888672
2025-07-12,94.31768035888672
2025-07-13,94.31768035888672
2025-07-14,92.8076400756836
2025-07-15,91.87380981445312
2025-07-16,91.90361022949219
2025-07-17,92.57914733886719
2025-07-18,93.18515014648438
2025-07-19,93.18515014648438
2025-07-20,93.18515014648438
2025-07-21,92.05262756347656
2025-07-22,96.30457305908203
2025-07-23,95.29125213623047
2025-07-24,93.08580017089844
2025-07-25,93.80108642578125
2025-07-26,93.80108642578125
2025-07-27,93.80108642578125
2025-07-28,93.05599975585938
2025-07-29,92.35065460205078
2025-07-30,92.15196990966797
2025-07-31,88.57556915283203
2025-08-01,86.29064178466797
2025-08-02,86.29064178466797
2025-08-03,86.29064178466797
2025-08-04,89.19149780273438
2025-08-05,89.6087417602539
2025-08-06,88.40667724609375
2025-08-07,90.42337036132812
2025-08-08,91.51616668701172
2025-08-09,91.51616668701172
2025-08-10,91.51616668701172
2025-08-11,91.1386489868164
2025-08-12,92.75797271728516
2025-08-13,93.56266021728516
2025-08-14,92.44999694824219
2025-08-15,90.5999984741211
2025-08-16,90.5999984741211
2025-08-17,90.5999984741211
2025-08-18,92.54000091552734
2025-08-19,90.93000030517578
2025-08-20,89.51000213623047
2025-08-21,88.55999755859375
2025-08-22,88.37999725341797
2025-08-23,88.37999725341797
2025-08-24,88.37999725341797
2025-08-25,85.80999755859375
2025-08-26,86.62999725341797
2025-08-27,87.66000366210938
2025-08-28,88.0199966430664
2025-08-29,88.19000244140625
2025-08-30,88.19000244140625
2025-08-31,88.19000244140625
2025-09-01,88.19000244140625
2025-09-02,89.77999877929688
2025-09-03,87.25
2025-09-04,87.01000213623047
2025-09-05,85.43000030517578
2025-09-06,85.43000030517578
2025-09-07,85.43000030517578
2025-09-08,84.16999816894531
2025-09-09,83.80999755859375
2025-09-10,82.87999725341797
2025-09-11,82.36000061035156
2025-09-12,81.9000015258789
2025-09-13,81.9000015258789
2025-09-14,81.9000015258789
2025-09-15,82.68000030517578
2025-09-16,84.37000274658203
2025-09-17,83.22000122070312
2025-09-18,83.41999816894531
2025-09-19,84.55999755859375
2025-09-20,84.55999755859375
2025-09-21,84.55999755859375
2025-09-22,85.29000091552734
2025-09-23,85.69000244140625
2025-09-24,84.2699966430664
2025-09-25,83.83000183105469
2025-09-26,83.38999938964844
2025-09-27,83.38999938964844
2025-09-28,83.38999938964844
2025-09-29,85.63999938964844
2025-09-30,84.5999984741211
2025-10-01,84.4000015258789
2025-10-02,86.72000122070312
2025-10-03,86.41999816894531
2025-10-04,86.41999816894531
2025-10-05,86.41999816894531
2025-10-06,82.11000061035156
2025-10-07,81.29000091552734
2025-10-08,80.04000091552734
2025-10-09,79.77999877929688
2025-10-10,78.45999908447266
2025-10-11,78.45999908447266
2025-10-12,78.45999908447266
2025-10-13,80.02999877929688
2025-10-14,81.1500015258789
2025-10-15,82.86000061035156
2025-10-16,84.33999633789062
2025-10-17,85.36000061035156
2025-10-18,85.36000061035156
2025-10-19,85.36000061035156
2025-10-20,84.52999877929688
2025-10-21,85.9000015258789
